"Subject","Condition","Stimulus","Unpleasantness","Intensity"
9,"Self","High",13,66
9,"Self","High",34,67
9,"Self","High",36,59
9,"Self","High",27,71
9,"Self","High",30,62
9,"Self","High",25,65
9,"Self","High",37,74
9,"Self","High",26,76
9,"Self","High",23,73
9,"Self","High",22,76
10,"Self","High",71,68
10,"Self","High",57,67
10,"Self","High",66,72
10,"Self","High",73,65
10,"Self","High",77,72
10,"Self","High",75,73
10,"Self","High",74,60
10,"Self","High",58,61
10,"Self","High",58,66
10,"Self","High",71,65
11,"Self","High",10,45
11,"Self","High",11,43
11,"Self","High",15,44
11,"Self","High",0,43
11,"Self","High",6,44
11,"Self","High",0,43
11,"Self","High",9,39
11,"Self","High",9,52
11,"Self","High",7,53
11,"Self","High",7,47
12,"Self","High",52,68
12,"Self","High",68,49
12,"Self","High",46,55
12,"Self","High",34,64
12,"Self","High",59,74
12,"Self","High",9,34
12,"Self","High",48,29
12,"Self","High",49,68
12,"Self","High",74,79
12,"Self","High",85,80
13,"Self","High",NA,NA
13,"Self","High",NA,NA
13,"Self","High",NA,NA
13,"Self","High",NA,NA
13,"Self","High",NA,NA
13,"Self","High",NA,NA
13,"Self","High",NA,NA
13,"Self","High",NA,NA
13,"Self","High",NA,NA
13,"Self","High",NA,NA
14,"Self","High",54,69
14,"Self","High",59,54
14,"Self","High",10,60
14,"Self","High",35,76
14,"Self","High",36,70
14,"Self","High",19,66
14,"Self","High",20,70
14,"Self","High",16,80
14,"Self","High",52,70
14,"Self","High",35,76
15,"Self","High",56,75
15,"Self","High",56,70
15,"Self","High",69,73
15,"Self","High",60,70
15,"Self","High",70,77
15,"Self","High",68,72
15,"Self","High",70,72
15,"Self","High",54,72
15,"Self","High",72,70
15,"Self","High",50,73
16,"Self","High",19,46
16,"Self","High",43,57
16,"Self","High",65,61
16,"Self","High",53,64
16,"Self","High",64,47
16,"Self","High",42,67
16,"Self","High",46,67
16,"Self","High",56,60
16,"Self","High",61,65
16,"Self","High",70,59
17,"Self","High",61,72
17,"Self","High",70,66
17,"Self","High",84,86
17,"Self","High",81,73
17,"Self","High",88,86
17,"Self","High",88,84
17,"Self","High",92,91
17,"Self","High",85,88
17,"Self","High",84,90
17,"Self","High",94,94
18,"Self","High",64,84
18,"Self","High",63,64
18,"Self","High",47,69
18,"Self","High",41,59
18,"Self","High",50,63
18,"Self","High",44,66
18,"Self","High",50,64
18,"Self","High",41,75
18,"Self","High",48,54
18,"Self","High",48,70
19,"Self","High",32,52
19,"Self","High",39,56
19,"Self","High",42,66
19,"Self","High",44,67
19,"Self","High",54,71
19,"Self","High",45,0
19,"Self","High",49,59
19,"Self","High",48,73
19,"Self","High",43,68
19,"Self","High",33,70
20,"Self","High",53,19
20,"Self","High",37,55
20,"Self","High",36,59
20,"Self","High",60,61
20,"Self","High",52,64
20,"Self","High",25,55
20,"Self","High",54,41
20,"Self","High",43,73
20,"Self","High",65,74
20,"Self","High",68,45
21,"Self","High",68,69
21,"Self","High",74,72
21,"Self","High",65,70
21,"Self","High",57,65
21,"Self","High",68,72
21,"Self","High",71,68
21,"Self","High",75,70
21,"Self","High",69,75
21,"Self","High",54,66
21,"Self","High",66,67
22,"Self","High",82,68
22,"Self","High",71,70
22,"Self","High",38,67
22,"Self","High",23,52
22,"Self","High",49,63
22,"Self","High",51,67
22,"Self","High",57,72
22,"Self","High",65,72
22,"Self","High",40,67
22,"Self","High",51,66
23,"Self","High",9,55
23,"Self","High",12,56
23,"Self","High",19,66
23,"Self","High",24,65
23,"Self","High",21,59
23,"Self","High",16,64
23,"Self","High",19,79
23,"Self","High",8,52
23,"Self","High",20,63
23,"Self","High",22,69
24,"Self","High",47,60
24,"Self","High",49,67
24,"Self","High",49,62
24,"Self","High",41,64
24,"Self","High",43,66
24,"Self","High",45,62
24,"Self","High",45,57
24,"Self","High",43,61
24,"Self","High",46,59
24,"Self","High",37,58
25,"Self","High",NA,NA
25,"Self","High",NA,NA
25,"Self","High",NA,NA
25,"Self","High",NA,NA
25,"Self","High",NA,NA
25,"Self","High",NA,NA
25,"Self","High",NA,NA
25,"Self","High",NA,NA
25,"Self","High",NA,NA
25,"Self","High",NA,NA
26,"Self","High",NA,NA
26,"Self","High",NA,NA
26,"Self","High",NA,NA
26,"Self","High",NA,NA
26,"Self","High",NA,NA
26,"Self","High",NA,NA
26,"Self","High",NA,NA
26,"Self","High",NA,NA
26,"Self","High",NA,NA
26,"Self","High",NA,NA
27,"Self","High",NA,NA
27,"Self","High",NA,NA
27,"Self","High",NA,NA
27,"Self","High",NA,NA
27,"Self","High",NA,NA
27,"Self","High",NA,NA
27,"Self","High",NA,NA
27,"Self","High",NA,NA
27,"Self","High",NA,NA
27,"Self","High",NA,NA
28,"Self","High",23,55
28,"Self","High",38,57
28,"Self","High",19,64
28,"Self","High",17,59
28,"Self","High",26,55
28,"Self","High",14,62
28,"Self","High",14,55
28,"Self","High",19,42
28,"Self","High",27,60
28,"Self","High",20,56
29,"Self","High",5,25
29,"Self","High",6,34
29,"Self","High",6,42
29,"Self","High",8,33
29,"Self","High",9,42
29,"Self","High",5,24
29,"Self","High",5,38
29,"Self","High",6,43
29,"Self","High",6,46
29,"Self","High",7,44
30,"Self","High",68,75
30,"Self","High",60,77
30,"Self","High",74,81
30,"Self","High",58,84
30,"Self","High",64,80
30,"Self","High",80,85
30,"Self","High",72,75
30,"Self","High",71,82
30,"Self","High",34,79
30,"Self","High",59,89
31,"Self","High",16,60
31,"Self","High",45,70
31,"Self","High",16,57
31,"Self","High",25,72
31,"Self","High",27,82
31,"Self","High",44,91
31,"Self","High",50,89
31,"Self","High",35,59
31,"Self","High",24,71
31,"Self","High",21,58
32,"Self","High",8,18
32,"Self","High",34,63
32,"Self","High",19,49
32,"Self","High",51,24
32,"Self","High",40,56
32,"Self","High",10,35
32,"Self","High",55,21
32,"Self","High",11,33
32,"Self","High",9,24
32,"Self","High",9,20
33,"Self","High",50,65
33,"Self","High",59,70
33,"Self","High",79,59
33,"Self","High",78,61
33,"Self","High",71,65
33,"Self","High",45,54
33,"Self","High",45,45
33,"Self","High",27,52
33,"Self","High",23,58
33,"Self","High",24,0
34,"Self","High",60,48
34,"Self","High",45,44
34,"Self","High",57,25
34,"Self","High",26,60
34,"Self","High",63,37
34,"Self","High",50,66
34,"Self","High",49,69
34,"Self","High",56,42
34,"Self","High",49,50
34,"Self","High",54,45
35,"Self","High",13,30
35,"Self","High",16,26
35,"Self","High",13,25
35,"Self","High",8,19
35,"Self","High",10,19
35,"Self","High",10,21
35,"Self","High",6,13
35,"Self","High",7,13
35,"Self","High",7,13
35,"Self","High",9,14
36,"Self","High",69,78
36,"Self","High",76,83
36,"Self","High",78,81
36,"Self","High",90,79
36,"Self","High",89,86
36,"Self","High",87,84
36,"Self","High",87,85
36,"Self","High",91,89
36,"Self","High",89,85
36,"Self","High",94,91
37,"Self","High",18,43
37,"Self","High",48,55
37,"Self","High",52,54
37,"Self","High",94,58
37,"Self","High",87,60
37,"Self","High",88,47
37,"Self","High",92,57
37,"Self","High",43,32
37,"Self","High",52,34
37,"Self","High",17,33
38,"Self","High",24,29
38,"Self","High",18,32
38,"Self","High",20,22
38,"Self","High",25,36
38,"Self","High",27,23
38,"Self","High",26,27
38,"Self","High",31,41
38,"Self","High",22,48
38,"Self","High",32,34
38,"Self","High",35,44
39,"Self","High",NA,NA
39,"Self","High",NA,NA
39,"Self","High",NA,NA
39,"Self","High",NA,NA
39,"Self","High",NA,NA
39,"Self","High",NA,NA
39,"Self","High",NA,NA
39,"Self","High",NA,NA
39,"Self","High",NA,NA
39,"Self","High",NA,NA
40,"Self","High",37,71
40,"Self","High",43,78
40,"Self","High",47,80
40,"Self","High",59,76
40,"Self","High",54,78
40,"Self","High",33,78
40,"Self","High",41,82
40,"Self","High",44,83
40,"Self","High",49,80
40,"Self","High",57,83
41,"Self","High",25,38
41,"Self","High",19,28
41,"Self","High",23,34
41,"Self","High",31,25
41,"Self","High",39,49
41,"Self","High",36,56
41,"Self","High",35,53
41,"Self","High",38,57
41,"Self","High",46,61
41,"Self","High",72,62
42,"Self","High",23,37
42,"Self","High",14,54
42,"Self","High",34,61
42,"Self","High",18,54
42,"Self","High",27,53
42,"Self","High",14,40
42,"Self","High",17,53
42,"Self","High",15,54
42,"Self","High",16,60
42,"Self","High",23,62
43,"Self","High",76,62
43,"Self","High",79,69
43,"Self","High",81,66
43,"Self","High",73,67
43,"Self","High",71,61
43,"Self","High",56,56
43,"Self","High",52,63
43,"Self","High",72,63
43,"Self","High",59,78
43,"Self","High",66,70
44,"Self","High",NA,NA
44,"Self","High",NA,NA
44,"Self","High",NA,NA
44,"Self","High",NA,NA
44,"Self","High",NA,NA
44,"Self","High",NA,NA
44,"Self","High",NA,NA
44,"Self","High",NA,NA
44,"Self","High",NA,NA
44,"Self","High",NA,NA
45,"Self","High",15,9
45,"Self","High",9,4
45,"Self","High",4,6
45,"Self","High",3,15
45,"Self","High",1,12
45,"Self","High",3,20
45,"Self","High",5,12
45,"Self","High",5,9
45,"Self","High",12,12
45,"Self","High",12,8
46,"Self","High",73,69
46,"Self","High",76,84
46,"Self","High",80,77
46,"Self","High",84,87
46,"Self","High",83,83
46,"Self","High",80,82
46,"Self","High",79,77
46,"Self","High",80,72
46,"Self","High",84,74
46,"Self","High",84,74
47,"Self","High",12,33
47,"Self","High",11,21
47,"Self","High",8,31
47,"Self","High",19,28
47,"Self","High",9,27
47,"Self","High",26,36
47,"Self","High",18,37
47,"Self","High",13,30
47,"Self","High",19,28
47,"Self","High",23,32
9,"Other","High",19,NA
9,"Other","High",8,NA
9,"Other","High",14,NA
9,"Other","High",19,NA
9,"Other","High",29,NA
9,"Other","High",22,NA
9,"Other","High",12,NA
9,"Other","High",12,NA
9,"Other","High",10,NA
9,"Other","High",5,NA
10,"Other","High",6,NA
10,"Other","High",9,NA
10,"Other","High",5,NA
10,"Other","High",7,NA
10,"Other","High",3,NA
10,"Other","High",0,NA
10,"Other","High",4,NA
10,"Other","High",0,NA
10,"Other","High",3,NA
10,"Other","High",12,NA
11,"Other","High",49,NA
11,"Other","High",43,NA
11,"Other","High",36,NA
11,"Other","High",34,NA
11,"Other","High",33,NA
11,"Other","High",34,NA
11,"Other","High",38,NA
11,"Other","High",46,NA
11,"Other","High",45,NA
11,"Other","High",42,NA
12,"Other","High",4,NA
12,"Other","High",15,NA
12,"Other","High",16,NA
12,"Other","High",16,NA
12,"Other","High",7,NA
12,"Other","High",7,NA
12,"Other","High",7,NA
12,"Other","High",17,NA
12,"Other","High",27,NA
12,"Other","High",51,NA
13,"Other","High",NA,NA
13,"Other","High",NA,NA
13,"Other","High",NA,NA
13,"Other","High",NA,NA
13,"Other","High",NA,NA
13,"Other","High",NA,NA
13,"Other","High",NA,NA
13,"Other","High",NA,NA
13,"Other","High",NA,NA
13,"Other","High",NA,NA
14,"Other","High",12,NA
14,"Other","High",0,NA
14,"Other","High",41,NA
14,"Other","High",10,NA
14,"Other","High",13,NA
14,"Other","High",5,NA
14,"Other","High",12,NA
14,"Other","High",3,NA
14,"Other","High",5,NA
14,"Other","High",5,NA
15,"Other","High",35,NA
15,"Other","High",27,NA
15,"Other","High",41,NA
15,"Other","High",39,NA
15,"Other","High",14,NA
15,"Other","High",41,NA
15,"Other","High",37,NA
15,"Other","High",36,NA
15,"Other","High",44,NA
15,"Other","High",35,NA
16,"Other","High",9,NA
16,"Other","High",0,NA
16,"Other","High",27,NA
16,"Other","High",15,NA
16,"Other","High",8,NA
16,"Other","High",20,NA
16,"Other","High",6,NA
16,"Other","High",28,NA
16,"Other","High",24,NA
16,"Other","High",10,NA
17,"Other","High",42,NA
17,"Other","High",37,NA
17,"Other","High",50,NA
17,"Other","High",44,NA
17,"Other","High",42,NA
17,"Other","High",58,NA
17,"Other","High",43,NA
17,"Other","High",42,NA
17,"Other","High",45,NA
17,"Other","High",44,NA
18,"Other","High",17,NA
18,"Other","High",20,NA
18,"Other","High",41,NA
18,"Other","High",19,NA
18,"Other","High",19,NA
18,"Other","High",37,NA
18,"Other","High",25,NA
18,"Other","High",17,NA
18,"Other","High",10,NA
18,"Other","High",12,NA
19,"Other","High",27,NA
19,"Other","High",28,NA
19,"Other","High",22,NA
19,"Other","High",29,NA
19,"Other","High",30,NA
19,"Other","High",28,NA
19,"Other","High",28,NA
19,"Other","High",32,NA
19,"Other","High",39,NA
19,"Other","High",40,NA
20,"Other","High",33,NA
20,"Other","High",23,NA
20,"Other","High",16,NA
20,"Other","High",13,NA
20,"Other","High",28,NA
20,"Other","High",17,NA
20,"Other","High",18,NA
20,"Other","High",16,NA
20,"Other","High",24,NA
20,"Other","High",32,NA
21,"Other","High",36,NA
21,"Other","High",22,NA
21,"Other","High",65,NA
21,"Other","High",49,NA
21,"Other","High",39,NA
21,"Other","High",49,NA
21,"Other","High",55,NA
21,"Other","High",53,NA
21,"Other","High",38,NA
21,"Other","High",48,NA
22,"Other","High",60,NA
22,"Other","High",43,NA
22,"Other","High",26,NA
22,"Other","High",39,NA
22,"Other","High",49,NA
22,"Other","High",40,NA
22,"Other","High",41,NA
22,"Other","High",45,NA
22,"Other","High",58,NA
22,"Other","High",58,NA
23,"Other","High",0,NA
23,"Other","High",0,NA
23,"Other","High",15,NA
23,"Other","High",6,NA
23,"Other","High",0,NA
23,"Other","High",6,NA
23,"Other","High",0,NA
23,"Other","High",9,NA
23,"Other","High",0,NA
23,"Other","High",17,NA
24,"Other","High",50,NA
24,"Other","High",52,NA
24,"Other","High",56,NA
24,"Other","High",55,NA
24,"Other","High",59,NA
24,"Other","High",53,NA
24,"Other","High",58,NA
24,"Other","High",55,NA
24,"Other","High",NA,NA
24,"Other","High",54,NA
25,"Other","High",NA,NA
25,"Other","High",NA,NA
25,"Other","High",NA,NA
25,"Other","High",NA,NA
25,"Other","High",NA,NA
25,"Other","High",NA,NA
25,"Other","High",NA,NA
25,"Other","High",NA,NA
25,"Other","High",NA,NA
25,"Other","High",NA,NA
26,"Other","High",NA,NA
26,"Other","High",NA,NA
26,"Other","High",NA,NA
26,"Other","High",NA,NA
26,"Other","High",NA,NA
26,"Other","High",NA,NA
26,"Other","High",NA,NA
26,"Other","High",NA,NA
26,"Other","High",NA,NA
26,"Other","High",NA,NA
27,"Other","High",NA,NA
27,"Other","High",NA,NA
27,"Other","High",NA,NA
27,"Other","High",NA,NA
27,"Other","High",NA,NA
27,"Other","High",NA,NA
27,"Other","High",NA,NA
27,"Other","High",NA,NA
27,"Other","High",NA,NA
27,"Other","High",NA,NA
28,"Other","High",14,NA
28,"Other","High",14,NA
28,"Other","High",25,NA
28,"Other","High",16,NA
28,"Other","High",26,NA
28,"Other","High",8,NA
28,"Other","High",13,NA
28,"Other","High",24,NA
28,"Other","High",13,NA
28,"Other","High",20,NA
29,"Other","High",20,NA
29,"Other","High",30,NA
29,"Other","High",16,NA
29,"Other","High",21,NA
29,"Other","High",28,NA
29,"Other","High",12,NA
29,"Other","High",14,NA
29,"Other","High",27,NA
29,"Other","High",19,NA
29,"Other","High",17,NA
30,"Other","High",51,NA
30,"Other","High",42,NA
30,"Other","High",32,NA
30,"Other","High",58,NA
30,"Other","High",57,NA
30,"Other","High",75,NA
30,"Other","High",43,NA
30,"Other","High",52,NA
30,"Other","High",47,NA
30,"Other","High",64,NA
31,"Other","High",5,NA
31,"Other","High",15,NA
31,"Other","High",30,NA
31,"Other","High",16,NA
31,"Other","High",6,NA
31,"Other","High",33,NA
31,"Other","High",18,NA
31,"Other","High",22,NA
31,"Other","High",10,NA
31,"Other","High",9,NA
32,"Other","High",65,NA
32,"Other","High",57,NA
32,"Other","High",66,NA
32,"Other","High",56,NA
32,"Other","High",53,NA
32,"Other","High",43,NA
32,"Other","High",32,NA
32,"Other","High",41,NA
32,"Other","High",45,NA
32,"Other","High",36,NA
33,"Other","High",48,NA
33,"Other","High",65,NA
33,"Other","High",71,NA
33,"Other","High",75,NA
33,"Other","High",63,NA
33,"Other","High",32,NA
33,"Other","High",41,NA
33,"Other","High",39,NA
33,"Other","High",34,NA
33,"Other","High",21,NA
34,"Other","High",22,NA
34,"Other","High",21,NA
34,"Other","High",17,NA
34,"Other","High",24,NA
34,"Other","High",30,NA
34,"Other","High",22,NA
34,"Other","High",27,NA
34,"Other","High",24,NA
34,"Other","High",14,NA
34,"Other","High",22,NA
35,"Other","High",0,NA
35,"Other","High",6,NA
35,"Other","High",6,NA
35,"Other","High",8,NA
35,"Other","High",6,NA
35,"Other","High",5,NA
35,"Other","High",6,NA
35,"Other","High",6,NA
35,"Other","High",3,NA
35,"Other","High",5,NA
36,"Other","High",53,NA
36,"Other","High",53,NA
36,"Other","High",56,NA
36,"Other","High",68,NA
36,"Other","High",45,NA
36,"Other","High",72,NA
36,"Other","High",50,NA
36,"Other","High",62,NA
36,"Other","High",52,NA
36,"Other","High",55,NA
37,"Other","High",19,NA
37,"Other","High",28,NA
37,"Other","High",11,NA
37,"Other","High",24,NA
37,"Other","High",28,NA
37,"Other","High",8,NA
37,"Other","High",30,NA
37,"Other","High",29,NA
37,"Other","High",13,NA
37,"Other","High",6,NA
38,"Other","High",12,NA
38,"Other","High",15,NA
38,"Other","High",13,NA
38,"Other","High",17,NA
38,"Other","High",7,NA
38,"Other","High",12,NA
38,"Other","High",9,NA
38,"Other","High",9,NA
38,"Other","High",13,NA
38,"Other","High",16,NA
39,"Other","High",NA,NA
39,"Other","High",NA,NA
39,"Other","High",NA,NA
39,"Other","High",NA,NA
39,"Other","High",NA,NA
39,"Other","High",NA,NA
39,"Other","High",NA,NA
39,"Other","High",NA,NA
39,"Other","High",NA,NA
39,"Other","High",NA,NA
40,"Other","High",9,NA
40,"Other","High",6,NA
40,"Other","High",14,NA
40,"Other","High",17,NA
40,"Other","High",7,NA
40,"Other","High",7,NA
40,"Other","High",10,NA
40,"Other","High",17,NA
40,"Other","High",31,NA
40,"Other","High",27,NA
41,"Other","High",31,NA
41,"Other","High",24,NA
41,"Other","High",24,NA
41,"Other","High",26,NA
41,"Other","High",24,NA
41,"Other","High",20,NA
41,"Other","High",26,NA
41,"Other","High",37,NA
41,"Other","High",36,NA
41,"Other","High",57,NA
42,"Other","High",23,NA
42,"Other","High",36,NA
42,"Other","High",18,NA
42,"Other","High",14,NA
42,"Other","High",12,NA
42,"Other","High",10,NA
42,"Other","High",5,NA
42,"Other","High",12,NA
42,"Other","High",17,NA
42,"Other","High",14,NA
43,"Other","High",74,NA
43,"Other","High",78,NA
43,"Other","High",76,NA
43,"Other","High",75,NA
43,"Other","High",64,NA
43,"Other","High",58,NA
43,"Other","High",50,NA
43,"Other","High",41,NA
43,"Other","High",66,NA
43,"Other","High",45,NA
44,"Other","High",NA,NA
44,"Other","High",NA,NA
44,"Other","High",NA,NA
44,"Other","High",NA,NA
44,"Other","High",NA,NA
44,"Other","High",NA,NA
44,"Other","High",NA,NA
44,"Other","High",NA,NA
44,"Other","High",NA,NA
44,"Other","High",NA,NA
45,"Other","High",3,NA
45,"Other","High",1,NA
45,"Other","High",0,NA
45,"Other","High",2,NA
45,"Other","High",1,NA
45,"Other","High",4,NA
45,"Other","High",1,NA
45,"Other","High",1,NA
45,"Other","High",2,NA
45,"Other","High",0,NA
46,"Other","High",56,NA
46,"Other","High",48,NA
46,"Other","High",54,NA
46,"Other","High",63,NA
46,"Other","High",58,NA
46,"Other","High",55,NA
46,"Other","High",60,NA
46,"Other","High",63,NA
46,"Other","High",58,NA
46,"Other","High",54,NA
47,"Other","High",32,NA
47,"Other","High",55,NA
47,"Other","High",65,NA
47,"Other","High",70,NA
47,"Other","High",81,NA
47,"Other","High",60,NA
47,"Other","High",79,NA
47,"Other","High",67,NA
47,"Other","High",50,NA
47,"Other","High",71,NA
9,"Self","Low",7,1
9,"Self","Low",10,0
9,"Self","Low",12,4
9,"Self","Low",8,0
9,"Self","Low",7,8
9,"Self","Low",11,4
9,"Self","Low",13,5
9,"Self","Low",7,6
9,"Self","Low",6,7
9,"Self","Low",7,0
10,"Self","Low",7,8
10,"Self","Low",7,8
10,"Self","Low",9,6
10,"Self","Low",2,6
10,"Self","Low",7,5
10,"Self","Low",10,4
10,"Self","Low",9,6
10,"Self","Low",7,8
10,"Self","Low",4,4
10,"Self","Low",5,7
11,"Self","Low",0,0
11,"Self","Low",0,0
11,"Self","Low",0,0
11,"Self","Low",0,0
11,"Self","Low",0,0
11,"Self","Low",0,0
11,"Self","Low",0,4
11,"Self","Low",0,4
11,"Self","Low",0,6
11,"Self","Low",0,5
12,"Self","Low",0,4
12,"Self","Low",7,3
12,"Self","Low",15,6
12,"Self","Low",3,3
12,"Self","Low",16,8
12,"Self","Low",4,6
12,"Self","Low",5,7
12,"Self","Low",4,4
12,"Self","Low",0,4
12,"Self","Low",4,4
13,"Self","Low",NA,NA
13,"Self","Low",NA,NA
13,"Self","Low",NA,NA
13,"Self","Low",NA,NA
13,"Self","Low",NA,NA
13,"Self","Low",NA,NA
13,"Self","Low",NA,NA
13,"Self","Low",NA,NA
13,"Self","Low",NA,NA
13,"Self","Low",NA,NA
14,"Self","Low",6,2
14,"Self","Low",4,2
14,"Self","Low",11,13
14,"Self","Low",14,13
14,"Self","Low",15,8
14,"Self","Low",6,2
14,"Self","Low",5,5
14,"Self","Low",3,4
14,"Self","Low",0,4
14,"Self","Low",0,6
15,"Self","Low",7,7
15,"Self","Low",17,7
15,"Self","Low",10,8
15,"Self","Low",11,7
15,"Self","Low",7,7
15,"Self","Low",8,9
15,"Self","Low",9,7
15,"Self","Low",6,8
15,"Self","Low",14,14
15,"Self","Low",14,20
16,"Self","Low",0,8
16,"Self","Low",7,0
16,"Self","Low",4,4
16,"Self","Low",0,0
16,"Self","Low",0,0
16,"Self","Low",4,13
16,"Self","Low",0,3
16,"Self","Low",0,15
16,"Self","Low",3,13
16,"Self","Low",14,20
17,"Self","Low",17,12
17,"Self","Low",6,10
17,"Self","Low",22,13
17,"Self","Low",11,11
17,"Self","Low",11,4
17,"Self","Low",7,6
17,"Self","Low",21,30
17,"Self","Low",26,9
17,"Self","Low",7,9
17,"Self","Low",17,9
18,"Self","Low",13,15
18,"Self","Low",38,35
18,"Self","Low",39,16
18,"Self","Low",41,19
18,"Self","Low",35,15
18,"Self","Low",22,0
18,"Self","Low",20,11
18,"Self","Low",20,20
18,"Self","Low",39,11
18,"Self","Low",40,23
19,"Self","Low",11,20
19,"Self","Low",12,21
19,"Self","Low",9,25
19,"Self","Low",10,18
19,"Self","Low",7,28
19,"Self","Low",12,0
19,"Self","Low",12,19
19,"Self","Low",8,23
19,"Self","Low",6,28
19,"Self","Low",4,23
20,"Self","Low",0,0
20,"Self","Low",6,0
20,"Self","Low",28,13
20,"Self","Low",11,10
20,"Self","Low",11,16
20,"Self","Low",0,9
20,"Self","Low",9,10
20,"Self","Low",8,10
20,"Self","Low",0,8
20,"Self","Low",0,5
21,"Self","Low",0,2
21,"Self","Low",0,2
21,"Self","Low",0,1
21,"Self","Low",0,2
21,"Self","Low",0,3
21,"Self","Low",0,6
21,"Self","Low",0,4
21,"Self","Low",17,7
21,"Self","Low",3,2
21,"Self","Low",2,3
22,"Self","Low",0,5
22,"Self","Low",0,10
22,"Self","Low",5,11
22,"Self","Low",0,5
22,"Self","Low",5,9
22,"Self","Low",0,5
22,"Self","Low",3,4
22,"Self","Low",0,4
22,"Self","Low",0,5
22,"Self","Low",0,6
23,"Self","Low",0,7
23,"Self","Low",0,7
23,"Self","Low",0,4
23,"Self","Low",0,2
23,"Self","Low",6,7
23,"Self","Low",0,4
23,"Self","Low",0,11
23,"Self","Low",5,3
23,"Self","Low",6,14
23,"Self","Low",0,0
24,"Self","Low",6,4
24,"Self","Low",0,6
24,"Self","Low",7,6
24,"Self","Low",0,5
24,"Self","Low",0,8
24,"Self","Low",7,8
24,"Self","Low",0,8
24,"Self","Low",7,9
24,"Self","Low",0,5
24,"Self","Low",0,7
25,"Self","Low",NA,NA
25,"Self","Low",NA,NA
25,"Self","Low",NA,NA
25,"Self","Low",NA,NA
25,"Self","Low",NA,NA
25,"Self","Low",NA,NA
25,"Self","Low",NA,NA
25,"Self","Low",NA,NA
25,"Self","Low",NA,NA
25,"Self","Low",NA,NA
26,"Self","Low",NA,NA
26,"Self","Low",NA,NA
26,"Self","Low",NA,NA
26,"Self","Low",NA,NA
26,"Self","Low",NA,NA
26,"Self","Low",NA,NA
26,"Self","Low",NA,NA
26,"Self","Low",NA,NA
26,"Self","Low",NA,NA
26,"Self","Low",NA,NA
27,"Self","Low",NA,NA
27,"Self","Low",NA,NA
27,"Self","Low",NA,NA
27,"Self","Low",NA,NA
27,"Self","Low",NA,NA
27,"Self","Low",NA,NA
27,"Self","Low",NA,NA
27,"Self","Low",NA,NA
27,"Self","Low",NA,NA
27,"Self","Low",NA,NA
28,"Self","Low",3,8
28,"Self","Low",0,4
28,"Self","Low",0,1
28,"Self","Low",0,3
28,"Self","Low",0,2
28,"Self","Low",0,9
28,"Self","Low",0,6
28,"Self","Low",0,8
28,"Self","Low",0,8
28,"Self","Low",0,7
29,"Self","Low",0,4
29,"Self","Low",0,0
29,"Self","Low",0,3
29,"Self","Low",0,0
29,"Self","Low",0,0
29,"Self","Low",0,0
29,"Self","Low",0,0
29,"Self","Low",0,0
29,"Self","Low",0,4
29,"Self","Low",0,0
30,"Self","Low",16,24
30,"Self","Low",6,9
30,"Self","Low",24,22
30,"Self","Low",9,17
30,"Self","Low",0,13
30,"Self","Low",0,14
30,"Self","Low",7,15
30,"Self","Low",7,9
30,"Self","Low",7,15
30,"Self","Low",0,6
31,"Self","Low",0,6
31,"Self","Low",0,19
31,"Self","Low",0,13
31,"Self","Low",0,12
31,"Self","Low",6,14
31,"Self","Low",16,31
31,"Self","Low",11,36
31,"Self","Low",17,45
31,"Self","Low",27,38
31,"Self","Low",6,41
32,"Self","Low",8,0
32,"Self","Low",20,0
32,"Self","Low",9,0
32,"Self","Low",0,0
32,"Self","Low",19,0
32,"Self","Low",14,0
32,"Self","Low",0,0
32,"Self","Low",0,0
32,"Self","Low",0,0
32,"Self","Low",0,0
33,"Self","Low",10,6
33,"Self","Low",6,1
33,"Self","Low",19,17
33,"Self","Low",0,12
33,"Self","Low",12,13
33,"Self","Low",0,0
33,"Self","Low",0,23
33,"Self","Low",0,16
33,"Self","Low",0,11
33,"Self","Low",0,11
34,"Self","Low",20,23
34,"Self","Low",24,21
34,"Self","Low",50,30
34,"Self","Low",37,20
34,"Self","Low",21,18
34,"Self","Low",17,18
34,"Self","Low",17,15
34,"Self","Low",26,16
34,"Self","Low",27,20
34,"Self","Low",32,19
35,"Self","Low",0,0
35,"Self","Low",0,0
35,"Self","Low",0,0
35,"Self","Low",3,0
35,"Self","Low",0,0
35,"Self","Low",0,0
35,"Self","Low",0,0
35,"Self","Low",0,4
35,"Self","Low",0,0
35,"Self","Low",0,4
36,"Self","Low",15,12
36,"Self","Low",29,14
36,"Self","Low",6,11
36,"Self","Low",35,12
36,"Self","Low",51,12
36,"Self","Low",36,16
36,"Self","Low",45,20
36,"Self","Low",45,22
36,"Self","Low",57,21
36,"Self","Low",61,26
37,"Self","Low",16,0
37,"Self","Low",15,4
37,"Self","Low",41,29
37,"Self","Low",24,14
37,"Self","Low",35,12
37,"Self","Low",0,8
37,"Self","Low",24,12
37,"Self","Low",6,9
37,"Self","Low",6,15
37,"Self","Low",0,10
38,"Self","Low",5,3
38,"Self","Low",3,3
38,"Self","Low",6,3
38,"Self","Low",5,3
38,"Self","Low",4,3
38,"Self","Low",6,4
38,"Self","Low",9,3
38,"Self","Low",14,10
38,"Self","Low",14,9
38,"Self","Low",13,12
39,"Self","Low",NA,NA
39,"Self","Low",NA,NA
39,"Self","Low",NA,NA
39,"Self","Low",NA,NA
39,"Self","Low",NA,NA
39,"Self","Low",NA,NA
39,"Self","Low",NA,NA
39,"Self","Low",NA,NA
39,"Self","Low",NA,NA
39,"Self","Low",NA,NA
40,"Self","Low",19,39
40,"Self","Low",16,33
40,"Self","Low",21,30
40,"Self","Low",19,47
40,"Self","Low",22,37
40,"Self","Low",25,44
40,"Self","Low",14,48
40,"Self","Low",33,50
40,"Self","Low",26,48
40,"Self","Low",30,51
41,"Self","Low",0,6
41,"Self","Low",5,9
41,"Self","Low",23,15
41,"Self","Low",21,13
41,"Self","Low",8,13
41,"Self","Low",4,9
41,"Self","Low",6,13
41,"Self","Low",8,15
41,"Self","Low",22,15
41,"Self","Low",24,16
42,"Self","Low",0,0
42,"Self","Low",0,0
42,"Self","Low",0,10
42,"Self","Low",0,13
42,"Self","Low",0,15
42,"Self","Low",0,15
42,"Self","Low",0,17
42,"Self","Low",6,18
42,"Self","Low",0,10
42,"Self","Low",13,18
43,"Self","Low",6,0
43,"Self","Low",3,0
43,"Self","Low",9,0
43,"Self","Low",5,0
43,"Self","Low",2,2
43,"Self","Low",0,2
43,"Self","Low",0,3
43,"Self","Low",0,2
43,"Self","Low",0,0
43,"Self","Low",3,2
44,"Self","Low",NA,NA
44,"Self","Low",NA,NA
44,"Self","Low",NA,NA
44,"Self","Low",NA,NA
44,"Self","Low",NA,NA
44,"Self","Low",NA,NA
44,"Self","Low",NA,NA
44,"Self","Low",NA,NA
44,"Self","Low",NA,NA
44,"Self","Low",NA,NA
45,"Self","Low",3,2
45,"Self","Low",0,2
45,"Self","Low",1,0
45,"Self","Low",0,0
45,"Self","Low",0,0
45,"Self","Low",2,2
45,"Self","Low",0,0
45,"Self","Low",1,2
45,"Self","Low",2,1
45,"Self","Low",3,0
46,"Self","Low",52,20
46,"Self","Low",51,14
46,"Self","Low",40,25
46,"Self","Low",48,14
46,"Self","Low",53,31
46,"Self","Low",70,46
46,"Self","Low",70,36
46,"Self","Low",69,46
46,"Self","Low",69,48
46,"Self","Low",67,37
47,"Self","Low",8,10
47,"Self","Low",0,8
47,"Self","Low",0,14
47,"Self","Low",0,15
47,"Self","Low",7,18
47,"Self","Low",0,7
47,"Self","Low",8,0
47,"Self","Low",3,9
47,"Self","Low",5,19
47,"Self","Low",0,13
9,"Other","Low",8,NA
9,"Other","Low",3,NA
9,"Other","Low",8,NA
9,"Other","Low",9,NA
9,"Other","Low",11,NA
9,"Other","Low",0,NA
9,"Other","Low",9,NA
9,"Other","Low",0,NA
9,"Other","Low",3,NA
9,"Other","Low",9,NA
10,"Other","Low",0,NA
10,"Other","Low",0,NA
10,"Other","Low",0,NA
10,"Other","Low",0,NA
10,"Other","Low",0,NA
10,"Other","Low",0,NA
10,"Other","Low",0,NA
10,"Other","Low",0,NA
10,"Other","Low",5,NA
10,"Other","Low",0,NA
11,"Other","Low",24,NA
11,"Other","Low",0,NA
11,"Other","Low",0,NA
11,"Other","Low",0,NA
11,"Other","Low",6,NA
11,"Other","Low",0,NA
11,"Other","Low",0,NA
11,"Other","Low",0,NA
11,"Other","Low",0,NA
11,"Other","Low",0,NA
12,"Other","Low",0,NA
12,"Other","Low",0,NA
12,"Other","Low",0,NA
12,"Other","Low",0,NA
12,"Other","Low",0,NA
12,"Other","Low",0,NA
12,"Other","Low",0,NA
12,"Other","Low",0,NA
12,"Other","Low",0,NA
12,"Other","Low",0,NA
13,"Other","Low",NA,NA
13,"Other","Low",NA,NA
13,"Other","Low",NA,NA
13,"Other","Low",NA,NA
13,"Other","Low",NA,NA
13,"Other","Low",NA,NA
13,"Other","Low",NA,NA
13,"Other","Low",NA,NA
13,"Other","Low",NA,NA
13,"Other","Low",NA,NA
14,"Other","Low",0,NA
14,"Other","Low",0,NA
14,"Other","Low",5,NA
14,"Other","Low",5,NA
14,"Other","Low",4,NA
14,"Other","Low",4,NA
14,"Other","Low",0,NA
14,"Other","Low",0,NA
14,"Other","Low",0,NA
14,"Other","Low",0,NA
15,"Other","Low",0,NA
15,"Other","Low",0,NA
15,"Other","Low",0,NA
15,"Other","Low",0,NA
15,"Other","Low",0,NA
15,"Other","Low",0,NA
15,"Other","Low",0,NA
15,"Other","Low",0,NA
15,"Other","Low",15,NA
15,"Other","Low",1,NA
16,"Other","Low",0,NA
16,"Other","Low",0,NA
16,"Other","Low",9,NA
16,"Other","Low",0,NA
16,"Other","Low",0,NA
16,"Other","Low",0,NA
16,"Other","Low",0,NA
16,"Other","Low",8,NA
16,"Other","Low",0,NA
16,"Other","Low",7,NA
17,"Other","Low",0,NA
17,"Other","Low",4,NA
17,"Other","Low",0,NA
17,"Other","Low",6,NA
17,"Other","Low",3,NA
17,"Other","Low",0,NA
17,"Other","Low",0,NA
17,"Other","Low",0,NA
17,"Other","Low",11,NA
17,"Other","Low",6,NA
18,"Other","Low",8,NA
18,"Other","Low",8,NA
18,"Other","Low",5,NA
18,"Other","Low",10,NA
18,"Other","Low",5,NA
18,"Other","Low",10,NA
18,"Other","Low",7,NA
18,"Other","Low",9,NA
18,"Other","Low",6,NA
18,"Other","Low",7,NA
19,"Other","Low",0,NA
19,"Other","Low",4,NA
19,"Other","Low",4,NA
19,"Other","Low",6,NA
19,"Other","Low",3,NA
19,"Other","Low",0,NA
19,"Other","Low",3,NA
19,"Other","Low",0,NA
19,"Other","Low",0,NA
19,"Other","Low",3,NA
20,"Other","Low",0,NA
20,"Other","Low",0,NA
20,"Other","Low",9,NA
20,"Other","Low",6,NA
20,"Other","Low",0,NA
20,"Other","Low",0,NA
20,"Other","Low",7,NA
20,"Other","Low",0,NA
20,"Other","Low",5,NA
20,"Other","Low",8,NA
21,"Other","Low",0,NA
21,"Other","Low",2,NA
21,"Other","Low",0,NA
21,"Other","Low",0,NA
21,"Other","Low",5,NA
21,"Other","Low",0,NA
21,"Other","Low",0,NA
21,"Other","Low",0,NA
21,"Other","Low",0,NA
21,"Other","Low",0,NA
22,"Other","Low",0,NA
22,"Other","Low",0,NA
22,"Other","Low",0,NA
22,"Other","Low",0,NA
22,"Other","Low",0,NA
22,"Other","Low",0,NA
22,"Other","Low",0,NA
22,"Other","Low",0,NA
22,"Other","Low",0,NA
22,"Other","Low",0,NA
23,"Other","Low",0,NA
23,"Other","Low",0,NA
23,"Other","Low",0,NA
23,"Other","Low",0,NA
23,"Other","Low",0,NA
23,"Other","Low",0,NA
23,"Other","Low",0,NA
23,"Other","Low",0,NA
23,"Other","Low",7,NA
23,"Other","Low",0,NA
24,"Other","Low",5,NA
24,"Other","Low",0,NA
24,"Other","Low",0,NA
24,"Other","Low",0,NA
24,"Other","Low",7,NA
24,"Other","Low",0,NA
24,"Other","Low",0,NA
24,"Other","Low",0,NA
24,"Other","Low",6,NA
24,"Other","Low",8,NA
25,"Other","Low",NA,NA
25,"Other","Low",NA,NA
25,"Other","Low",NA,NA
25,"Other","Low",NA,NA
25,"Other","Low",NA,NA
25,"Other","Low",NA,NA
25,"Other","Low",NA,NA
25,"Other","Low",NA,NA
25,"Other","Low",NA,NA
25,"Other","Low",NA,NA
26,"Other","Low",NA,NA
26,"Other","Low",NA,NA
26,"Other","Low",NA,NA
26,"Other","Low",NA,NA
26,"Other","Low",NA,NA
26,"Other","Low",NA,NA
26,"Other","Low",NA,NA
26,"Other","Low",NA,NA
26,"Other","Low",NA,NA
26,"Other","Low",NA,NA
27,"Other","Low",NA,NA
27,"Other","Low",NA,NA
27,"Other","Low",NA,NA
27,"Other","Low",NA,NA
27,"Other","Low",NA,NA
27,"Other","Low",NA,NA
27,"Other","Low",NA,NA
27,"Other","Low",NA,NA
27,"Other","Low",NA,NA
27,"Other","Low",NA,NA
28,"Other","Low",0,NA
28,"Other","Low",0,NA
28,"Other","Low",4,NA
28,"Other","Low",0,NA
28,"Other","Low",3,NA
28,"Other","Low",0,NA
28,"Other","Low",0,NA
28,"Other","Low",8,NA
28,"Other","Low",0,NA
28,"Other","Low",8,NA
29,"Other","Low",0,NA
29,"Other","Low",0,NA
29,"Other","Low",0,NA
29,"Other","Low",0,NA
29,"Other","Low",0,NA
29,"Other","Low",0,NA
29,"Other","Low",0,NA
29,"Other","Low",0,NA
29,"Other","Low",0,NA
29,"Other","Low",0,NA
30,"Other","Low",8,NA
30,"Other","Low",0,NA
30,"Other","Low",0,NA
30,"Other","Low",7,NA
30,"Other","Low",7,NA
30,"Other","Low",0,NA
30,"Other","Low",6,NA
30,"Other","Low",4,NA
30,"Other","Low",0,NA
30,"Other","Low",6,NA
31,"Other","Low",0,NA
31,"Other","Low",0,NA
31,"Other","Low",0,NA
31,"Other","Low",0,NA
31,"Other","Low",0,NA
31,"Other","Low",7,NA
31,"Other","Low",0,NA
31,"Other","Low",0,NA
31,"Other","Low",0,NA
31,"Other","Low",0,NA
32,"Other","Low",0,NA
32,"Other","Low",0,NA
32,"Other","Low",0,NA
32,"Other","Low",0,NA
32,"Other","Low",10,NA
32,"Other","Low",0,NA
32,"Other","Low",0,NA
32,"Other","Low",0,NA
32,"Other","Low",0,NA
32,"Other","Low",0,NA
33,"Other","Low",0,NA
33,"Other","Low",0,NA
33,"Other","Low",0,NA
33,"Other","Low",4,NA
33,"Other","Low",7,NA
33,"Other","Low",0,NA
33,"Other","Low",0,NA
33,"Other","Low",0,NA
33,"Other","Low",0,NA
33,"Other","Low",0,NA
34,"Other","Low",0,NA
34,"Other","Low",0,NA
34,"Other","Low",0,NA
34,"Other","Low",0,NA
34,"Other","Low",0,NA
34,"Other","Low",0,NA
34,"Other","Low",0,NA
34,"Other","Low",0,NA
34,"Other","Low",0,NA
34,"Other","Low",0,NA
35,"Other","Low",0,NA
35,"Other","Low",0,NA
35,"Other","Low",0,NA
35,"Other","Low",0,NA
35,"Other","Low",0,NA
35,"Other","Low",0,NA
35,"Other","Low",0,NA
35,"Other","Low",0,NA
35,"Other","Low",0,NA
35,"Other","Low",0,NA
36,"Other","Low",0,NA
36,"Other","Low",8,NA
36,"Other","Low",0,NA
36,"Other","Low",0,NA
36,"Other","Low",9,NA
36,"Other","Low",25,NA
36,"Other","Low",35,NA
36,"Other","Low",27,NA
36,"Other","Low",44,NA
36,"Other","Low",38,NA
37,"Other","Low",0,NA
37,"Other","Low",0,NA
37,"Other","Low",5,NA
37,"Other","Low",0,NA
37,"Other","Low",5,NA
37,"Other","Low",0,NA
37,"Other","Low",0,NA
37,"Other","Low",0,NA
37,"Other","Low",17,NA
37,"Other","Low",0,NA
38,"Other","Low",4,NA
38,"Other","Low",4,NA
38,"Other","Low",0,NA
38,"Other","Low",2,NA
38,"Other","Low",0,NA
38,"Other","Low",3,NA
38,"Other","Low",3,NA
38,"Other","Low",2,NA
38,"Other","Low",3,NA
38,"Other","Low",3,NA
39,"Other","Low",NA,NA
39,"Other","Low",NA,NA
39,"Other","Low",NA,NA
39,"Other","Low",NA,NA
39,"Other","Low",NA,NA
39,"Other","Low",NA,NA
39,"Other","Low",NA,NA
39,"Other","Low",NA,NA
39,"Other","Low",NA,NA
39,"Other","Low",NA,NA
40,"Other","Low",7,NA
40,"Other","Low",0,NA
40,"Other","Low",0,NA
40,"Other","Low",7,NA
40,"Other","Low",0,NA
40,"Other","Low",0,NA
40,"Other","Low",0,NA
40,"Other","Low",0,NA
40,"Other","Low",15,NA
40,"Other","Low",16,NA
41,"Other","Low",0,NA
41,"Other","Low",7,NA
41,"Other","Low",14,NA
41,"Other","Low",0,NA
41,"Other","Low",11,NA
41,"Other","Low",0,NA
41,"Other","Low",9,NA
41,"Other","Low",11,NA
41,"Other","Low",14,NA
41,"Other","Low",6,NA
42,"Other","Low",0,NA
42,"Other","Low",0,NA
42,"Other","Low",0,NA
42,"Other","Low",0,NA
42,"Other","Low",0,NA
42,"Other","Low",0,NA
42,"Other","Low",0,NA
42,"Other","Low",0,NA
42,"Other","Low",0,NA
42,"Other","Low",0,NA
43,"Other","Low",4,NA
43,"Other","Low",7,NA
43,"Other","Low",4,NA
43,"Other","Low",0,NA
43,"Other","Low",4,NA
43,"Other","Low",3,NA
43,"Other","Low",0,NA
43,"Other","Low",0,NA
43,"Other","Low",0,NA
43,"Other","Low",0,NA
44,"Other","Low",NA,NA
44,"Other","Low",NA,NA
44,"Other","Low",NA,NA
44,"Other","Low",NA,NA
44,"Other","Low",NA,NA
44,"Other","Low",NA,NA
44,"Other","Low",NA,NA
44,"Other","Low",NA,NA
44,"Other","Low",NA,NA
44,"Other","Low",NA,NA
45,"Other","Low",0,NA
45,"Other","Low",0,NA
45,"Other","Low",0,NA
45,"Other","Low",0,NA
45,"Other","Low",0,NA
45,"Other","Low",0,NA
45,"Other","Low",0,NA
45,"Other","Low",0,NA
45,"Other","Low",0,NA
45,"Other","Low",0,NA
46,"Other","Low",24,NA
46,"Other","Low",33,NA
46,"Other","Low",41,NA
46,"Other","Low",22,NA
46,"Other","Low",26,NA
46,"Other","Low",32,NA
46,"Other","Low",40,NA
46,"Other","Low",29,NA
46,"Other","Low",40,NA
46,"Other","Low",33,NA
47,"Other","Low",0,NA
47,"Other","Low",5,NA
47,"Other","Low",12,NA
47,"Other","Low",8,NA
47,"Other","Low",14,NA
47,"Other","Low",11,NA
47,"Other","Low",19,NA
47,"Other","Low",6,NA
47,"Other","Low",16,NA
47,"Other","Low",22,NA
49,"Self","High",23,45
49,"Self","High",18,65
49,"Self","High",22,84
49,"Self","High",21,65
49,"Self","High",15,53
49,"Self","High",23,72
49,"Self","High",16,53
49,"Self","High",16,63
49,"Self","High",14,62
49,"Self","High",22,64
50,"Self","High",55,50
50,"Self","High",52,48
50,"Self","High",49,64
50,"Self","High",47,58
50,"Self","High",68,63
50,"Self","High",60,53
50,"Self","High",61,58
50,"Self","High",42,48
50,"Self","High",59,48
50,"Self","High",59,70
51,"Self","High",5,6
51,"Self","High",15,17
51,"Self","High",2,12
51,"Self","High",17,21
51,"Self","High",23,28
51,"Self","High",18,29
51,"Self","High",13,24
51,"Self","High",19,27
51,"Self","High",20,30
51,"Self","High",24,36
52,"Self","High",49,48
52,"Self","High",65,61
52,"Self","High",57,55
52,"Self","High",57,58
52,"Self","High",50,54
52,"Self","High",58,54
52,"Self","High",45,53
52,"Self","High",71,52
52,"Self","High",61,65
52,"Self","High",67,64
53,"Self","High",77,81
53,"Self","High",65,81
53,"Self","High",54,70
53,"Self","High",51,72
53,"Self","High",53,75
53,"Self","High",30,54
53,"Self","High",13,64
53,"Self","High",9,56
53,"Self","High",7,35
53,"Self","High",31,62
54,"Self","High",68,79
54,"Self","High",76,80
54,"Self","High",76,75
54,"Self","High",66,79
54,"Self","High",72,74
54,"Self","High",8,46
54,"Self","High",20,48
54,"Self","High",15,44
54,"Self","High",15,49
54,"Self","High",19,51
55,"Self","High",36,49
55,"Self","High",29,55
55,"Self","High",43,59
55,"Self","High",31,43
55,"Self","High",38,55
55,"Self","High",29,50
55,"Self","High",43,57
55,"Self","High",47,58
55,"Self","High",42,55
55,"Self","High",46,65
56,"Self","High",16,29
56,"Self","High",24,39
56,"Self","High",26,43
56,"Self","High",31,46
56,"Self","High",28,40
56,"Self","High",31,48
56,"Self","High",20,38
56,"Self","High",21,31
56,"Self","High",28,44
56,"Self","High",39,49
57,"Self","High",23,27
57,"Self","High",42,51
57,"Self","High",47,58
57,"Self","High",36,43
57,"Self","High",55,60
57,"Self","High",43,50
57,"Self","High",45,58
57,"Self","High",53,63
57,"Self","High",51,62
57,"Self","High",52,64
58,"Self","High",22,61
58,"Self","High",7,42
58,"Self","High",7,65
58,"Self","High",0,53
58,"Self","High",0,60
58,"Self","High",0,61
58,"Self","High",0,56
58,"Self","High",0,59
58,"Self","High",0,63
58,"Self","High",0,73
59,"Self","High",22,76
59,"Self","High",27,75
59,"Self","High",40,78
59,"Self","High",31,70
59,"Self","High",54,77
59,"Self","High",25,0
59,"Self","High",35,77
59,"Self","High",34,66
59,"Self","High",35,71
59,"Self","High",30,80
60,"Self","High",17,24
60,"Self","High",22,49
60,"Self","High",16,47
60,"Self","High",13,53
60,"Self","High",51,52
60,"Self","High",38,57
60,"Self","High",49,67
60,"Self","High",60,74
60,"Self","High",83,65
60,"Self","High",66,69
61,"Self","High",36,25
61,"Self","High",47,53
61,"Self","High",49,47
61,"Self","High",43,59
61,"Self","High",51,52
61,"Self","High",56,59
61,"Self","High",82,62
61,"Self","High",80,49
61,"Self","High",74,55
61,"Self","High",75,73
62,"Self","High",0,66
62,"Self","High",12,76
62,"Self","High",16,75
62,"Self","High",17,79
62,"Self","High",24,76
62,"Self","High",16,75
62,"Self","High",24,78
62,"Self","High",28,74
62,"Self","High",16,79
62,"Self","High",30,74
63,"Self","High",68,68
63,"Self","High",65,59
63,"Self","High",94,64
63,"Self","High",48,68
63,"Self","High",90,72
63,"Self","High",54,55
63,"Self","High",65,54
63,"Self","High",66,65
63,"Self","High",73,42
63,"Self","High",76,57
64,"Self","High",NA,NA
64,"Self","High",NA,NA
64,"Self","High",NA,NA
64,"Self","High",NA,NA
64,"Self","High",NA,NA
64,"Self","High",NA,NA
64,"Self","High",NA,NA
64,"Self","High",NA,NA
64,"Self","High",NA,NA
64,"Self","High",NA,NA
65,"Self","High",67,76
65,"Self","High",71,77
65,"Self","High",71,81
65,"Self","High",79,79
65,"Self","High",73,82
65,"Self","High",80,81
65,"Self","High",85,77
65,"Self","High",70,83
65,"Self","High",67,73
65,"Self","High",64,68
66,"Self","High",51,41
66,"Self","High",41,33
66,"Self","High",37,24
66,"Self","High",43,38
66,"Self","High",39,27
66,"Self","High",30,27
66,"Self","High",37,30
66,"Self","High",30,24
66,"Self","High",15,9
66,"Self","High",31,27
67,"Self","High",48,58
67,"Self","High",32,38
67,"Self","High",27,45
67,"Self","High",26,44
67,"Self","High",48,51
67,"Self","High",55,61
67,"Self","High",49,45
67,"Self","High",26,52
67,"Self","High",67,58
67,"Self","High",69,62
68,"Self","High",48,67
68,"Self","High",50,72
68,"Self","High",45,65
68,"Self","High",77,76
68,"Self","High",74,76
68,"Self","High",64,80
68,"Self","High",39,68
68,"Self","High",62,74
68,"Self","High",63,69
68,"Self","High",49,66
69,"Self","High",15,49
69,"Self","High",13,27
69,"Self","High",24,48
69,"Self","High",14,35
69,"Self","High",16,40
69,"Self","High",31,55
69,"Self","High",33,49
69,"Self","High",30,61
69,"Self","High",22,59
69,"Self","High",43,70
70,"Self","High",24,38
70,"Self","High",24,31
70,"Self","High",41,50
70,"Self","High",35,46
70,"Self","High",39,50
70,"Self","High",41,42
70,"Self","High",26,29
70,"Self","High",38,51
70,"Self","High",41,32
70,"Self","High",53,48
71,"Self","High",28,71
71,"Self","High",34,77
71,"Self","High",29,64
71,"Self","High",32,63
71,"Self","High",31,70
71,"Self","High",9,32
71,"Self","High",19,57
71,"Self","High",41,73
71,"Self","High",44,69
71,"Self","High",37,70
72,"Self","High",0,43
72,"Self","High",0,37
72,"Self","High",0,48
72,"Self","High",0,34
72,"Self","High",0,55
72,"Self","High",0,35
72,"Self","High",0,50
72,"Self","High",0,65
72,"Self","High",0,48
72,"Self","High",0,59
73,"Self","High",47,56
73,"Self","High",48,61
73,"Self","High",52,59
73,"Self","High",57,63
73,"Self","High",0,69
73,"Self","High",69,73
73,"Self","High",69,72
73,"Self","High",61,75
73,"Self","High",56,76
73,"Self","High",68,69
74,"Self","High",13,68
74,"Self","High",26,59
74,"Self","High",40,48
74,"Self","High",36,67
74,"Self","High",70,50
74,"Self","High",14,49
74,"Self","High",52,58
74,"Self","High",61,56
74,"Self","High",49,55
74,"Self","High",84,54
75,"Self","High",NA,NA
75,"Self","High",NA,NA
75,"Self","High",NA,NA
75,"Self","High",NA,NA
75,"Self","High",NA,NA
75,"Self","High",NA,NA
75,"Self","High",NA,NA
75,"Self","High",NA,NA
75,"Self","High",NA,NA
75,"Self","High",NA,NA
76,"Self","High",14,14
76,"Self","High",7,4
76,"Self","High",4,6
76,"Self","High",5,5
76,"Self","High",16,9
76,"Self","High",0,18
76,"Self","High",14,17
76,"Self","High",7,15
76,"Self","High",21,18
76,"Self","High",17,19
77,"Self","High",NA,NA
77,"Self","High",NA,NA
77,"Self","High",NA,NA
77,"Self","High",NA,NA
77,"Self","High",NA,NA
77,"Self","High",NA,NA
77,"Self","High",NA,NA
77,"Self","High",NA,NA
77,"Self","High",NA,NA
77,"Self","High",NA,NA
78,"Self","High",56,52
78,"Self","High",51,69
78,"Self","High",87,84
78,"Self","High",50,66
78,"Self","High",51,73
78,"Self","High",30,57
78,"Self","High",42,68
78,"Self","High",26,54
78,"Self","High",15,55
78,"Self","High",11,56
79,"Self","High",0,20
79,"Self","High",0,31
79,"Self","High",31,65
79,"Self","High",15,29
79,"Self","High",0,18
79,"Self","High",0,12
79,"Self","High",0,7
79,"Self","High",0,17
79,"Self","High",0,12
79,"Self","High",0,12
80,"Self","High",74,73
80,"Self","High",76,78
80,"Self","High",81,72
80,"Self","High",75,75
80,"Self","High",75,71
80,"Self","High",74,73
80,"Self","High",78,75
80,"Self","High",75,73
80,"Self","High",77,80
80,"Self","High",76,79
81,"Self","High",36,56
81,"Self","High",34,43
81,"Self","High",34,45
81,"Self","High",24,42
81,"Self","High",34,43
81,"Self","High",28,43
81,"Self","High",27,25
81,"Self","High",30,47
81,"Self","High",39,43
81,"Self","High",46,45
82,"Self","High",61,73
82,"Self","High",60,72
82,"Self","High",53,73
82,"Self","High",66,78
82,"Self","High",75,68
82,"Self","High",60,77
82,"Self","High",51,74
82,"Self","High",71,77
82,"Self","High",73,80
82,"Self","High",83,80
83,"Self","High",45,43
83,"Self","High",19,40
83,"Self","High",39,36
83,"Self","High",50,48
83,"Self","High",51,57
83,"Self","High",NA,NA
83,"Self","High",NA,NA
83,"Self","High",NA,NA
83,"Self","High",NA,NA
83,"Self","High",NA,NA
84,"Self","High",5,27
84,"Self","High",12,24
84,"Self","High",6,6
84,"Self","High",13,17
84,"Self","High",23,21
84,"Self","High",26,28
84,"Self","High",30,36
84,"Self","High",41,35
84,"Self","High",38,25
84,"Self","High",34,39
85,"Self","High",74,64
85,"Self","High",71,82
85,"Self","High",56,84
85,"Self","High",81,87
85,"Self","High",87,90
85,"Self","High",86,84
85,"Self","High",80,85
85,"Self","High",76,84
85,"Self","High",65,77
85,"Self","High",75,87
86,"Self","High",0,71.5
86,"Self","High",0,70
86,"Self","High",21,68
86,"Self","High",16,74
86,"Self","High",0,78.5
86,"Self","High",21,50
86,"Self","High",0,50
86,"Self","High",13,50
86,"Self","High",10,50
86,"Self","High",13,50
48,"Other","High",NA,NA
48,"Other","High",NA,NA
48,"Other","High",NA,NA
48,"Other","High",NA,NA
48,"Other","High",NA,NA
48,"Other","High",NA,NA
48,"Other","High",NA,NA
48,"Other","High",NA,NA
48,"Other","High",NA,NA
48,"Other","High",NA,NA
49,"Other","High",76,NA
49,"Other","High",72,NA
49,"Other","High",76,NA
49,"Other","High",67,NA
49,"Other","High",58,NA
49,"Other","High",58,NA
49,"Other","High",49,NA
49,"Other","High",48,NA
49,"Other","High",65,NA
49,"Other","High",58,NA
50,"Other","High",0,NA
50,"Other","High",38,NA
50,"Other","High",54,NA
50,"Other","High",45,NA
50,"Other","High",44,NA
50,"Other","High",51,NA
50,"Other","High",61,NA
50,"Other","High",49,NA
50,"Other","High",53,NA
50,"Other","High",55,NA
51,"Other","High",2,NA
51,"Other","High",15,NA
51,"Other","High",17,NA
51,"Other","High",21,NA
51,"Other","High",26,NA
51,"Other","High",11,NA
51,"Other","High",19,NA
51,"Other","High",14,NA
51,"Other","High",22,NA
51,"Other","High",23,NA
52,"Other","High",12,NA
52,"Other","High",14,NA
52,"Other","High",9,NA
52,"Other","High",5,NA
52,"Other","High",2,NA
52,"Other","High",2,NA
52,"Other","High",0,NA
52,"Other","High",2,NA
52,"Other","High",10,NA
52,"Other","High",48,NA
53,"Other","High",49,NA
53,"Other","High",40,NA
53,"Other","High",61,NA
53,"Other","High",55,NA
53,"Other","High",56,NA
53,"Other","High",8,NA
53,"Other","High",12,NA
53,"Other","High",15,NA
53,"Other","High",8,NA
53,"Other","High",12,NA
54,"Other","High",55,NA
54,"Other","High",49,NA
54,"Other","High",37,NA
54,"Other","High",53,NA
54,"Other","High",53,NA
54,"Other","High",2,NA
54,"Other","High",16,NA
54,"Other","High",16,NA
54,"Other","High",5,NA
54,"Other","High",7,NA
55,"Other","High",25,NA
55,"Other","High",11,NA
55,"Other","High",16,NA
55,"Other","High",17,NA
55,"Other","High",13,NA
55,"Other","High",0,NA
55,"Other","High",12,NA
55,"Other","High",13,NA
55,"Other","High",21,NA
55,"Other","High",14,NA
56,"Other","High",0,NA
56,"Other","High",0,NA
56,"Other","High",0,NA
56,"Other","High",0,NA
56,"Other","High",0,NA
56,"Other","High",0,NA
56,"Other","High",0,NA
56,"Other","High",0,NA
56,"Other","High",0,NA
56,"Other","High",0,NA
57,"Other","High",18,NA
57,"Other","High",16,NA
57,"Other","High",27,NA
57,"Other","High",32,NA
57,"Other","High",24,NA
57,"Other","High",22,NA
57,"Other","High",21,NA
57,"Other","High",22,NA
57,"Other","High",27,NA
57,"Other","High",31,NA
58,"Other","High",24,NA
58,"Other","High",19,NA
58,"Other","High",6,NA
58,"Other","High",12,NA
58,"Other","High",7,NA
58,"Other","High",0,NA
58,"Other","High",0,NA
58,"Other","High",8,NA
58,"Other","High",0,NA
58,"Other","High",0,NA
59,"Other","High",13,NA
59,"Other","High",7,NA
59,"Other","High",17,NA
59,"Other","High",34,NA
59,"Other","High",38,NA
59,"Other","High",23,NA
59,"Other","High",14,NA
59,"Other","High",27,NA
59,"Other","High",28,NA
59,"Other","High",19,NA
60,"Other","High",11,NA
60,"Other","High",7,NA
60,"Other","High",13,NA
60,"Other","High",14,NA
60,"Other","High",0,NA
60,"Other","High",0,NA
60,"Other","High",10,NA
60,"Other","High",0,NA
60,"Other","High",15,NA
60,"Other","High",0,NA
61,"Other","High",16,NA
61,"Other","High",34,NA
61,"Other","High",26,NA
61,"Other","High",43,NA
61,"Other","High",38,NA
61,"Other","High",32,NA
61,"Other","High",36,NA
61,"Other","High",32,NA
61,"Other","High",20,NA
61,"Other","High",33,NA
62,"Other","High",14,NA
62,"Other","High",14,NA
62,"Other","High",22,NA
62,"Other","High",17,NA
62,"Other","High",19,NA
62,"Other","High",21,NA
62,"Other","High",20,NA
62,"Other","High",19,NA
62,"Other","High",15,NA
62,"Other","High",20,NA
63,"Other","High",73,NA
63,"Other","High",72,NA
63,"Other","High",86,NA
63,"Other","High",45,NA
63,"Other","High",69,NA
63,"Other","High",52,NA
63,"Other","High",55,NA
63,"Other","High",63,NA
63,"Other","High",77,NA
63,"Other","High",58,NA
64,"Other","High",NA,NA
64,"Other","High",NA,NA
64,"Other","High",NA,NA
64,"Other","High",NA,NA
64,"Other","High",NA,NA
64,"Other","High",NA,NA
64,"Other","High",NA,NA
64,"Other","High",NA,NA
64,"Other","High",NA,NA
64,"Other","High",NA,NA
65,"Other","High",60,NA
65,"Other","High",67,NA
65,"Other","High",52,NA
65,"Other","High",61,NA
65,"Other","High",51,NA
65,"Other","High",52,NA
65,"Other","High",51,NA
65,"Other","High",61,NA
65,"Other","High",50,NA
65,"Other","High",55,NA
66,"Other","High",39,NA
66,"Other","High",27,NA
66,"Other","High",26,NA
66,"Other","High",29,NA
66,"Other","High",39,NA
66,"Other","High",20,NA
66,"Other","High",26,NA
66,"Other","High",30,NA
66,"Other","High",38,NA
66,"Other","High",31,NA
67,"Other","High",49,NA
67,"Other","High",55,NA
67,"Other","High",39,NA
67,"Other","High",32,NA
67,"Other","High",55,NA
67,"Other","High",51,NA
67,"Other","High",49,NA
67,"Other","High",55,NA
67,"Other","High",37,NA
67,"Other","High",50,NA
68,"Other","High",14,NA
68,"Other","High",38,NA
68,"Other","High",50,NA
68,"Other","High",53,NA
68,"Other","High",37,NA
68,"Other","High",52,NA
68,"Other","High",50,NA
68,"Other","High",44,NA
68,"Other","High",39,NA
68,"Other","High",55,NA
69,"Other","High",43,NA
69,"Other","High",38,NA
69,"Other","High",33,NA
69,"Other","High",33,NA
69,"Other","High",34,NA
69,"Other","High",24,NA
69,"Other","High",31,NA
69,"Other","High",24,NA
69,"Other","High",28,NA
69,"Other","High",38,NA
70,"Other","High",22,NA
70,"Other","High",13,NA
70,"Other","High",23,NA
70,"Other","High",37,NA
70,"Other","High",39,NA
70,"Other","High",31,NA
70,"Other","High",18,NA
70,"Other","High",19,NA
70,"Other","High",26,NA
70,"Other","High",17,NA
71,"Other","High",31,NA
71,"Other","High",40,NA
71,"Other","High",47,NA
71,"Other","High",37,NA
71,"Other","High",35,NA
71,"Other","High",36,NA
71,"Other","High",37,NA
71,"Other","High",26,NA
71,"Other","High",43,NA
71,"Other","High",31,NA
72,"Other","High",58,NA
72,"Other","High",56,NA
72,"Other","High",52,NA
72,"Other","High",61,NA
72,"Other","High",64,NA
72,"Other","High",49,NA
72,"Other","High",64,NA
72,"Other","High",46,NA
72,"Other","High",59,NA
72,"Other","High",48,NA
73,"Other","High",15,NA
73,"Other","High",16,NA
73,"Other","High",20,NA
73,"Other","High",18,NA
73,"Other","High",16,NA
73,"Other","High",21,NA
73,"Other","High",16,NA
73,"Other","High",15,NA
73,"Other","High",26,NA
73,"Other","High",16,NA
74,"Other","High",77,NA
74,"Other","High",94,NA
74,"Other","High",46,NA
74,"Other","High",67,NA
74,"Other","High",49,NA
74,"Other","High",40,NA
74,"Other","High",42,NA
74,"Other","High",32,NA
74,"Other","High",41,NA
74,"Other","High",49,NA
75,"Other","High",NA,NA
75,"Other","High",NA,NA
75,"Other","High",NA,NA
75,"Other","High",NA,NA
75,"Other","High",NA,NA
75,"Other","High",NA,NA
75,"Other","High",NA,NA
75,"Other","High",NA,NA
75,"Other","High",NA,NA
75,"Other","High",NA,NA
76,"Other","High",0,NA
76,"Other","High",0,NA
76,"Other","High",0,NA
76,"Other","High",0,NA
76,"Other","High",4,NA
76,"Other","High",5,NA
76,"Other","High",0,NA
76,"Other","High",7,NA
76,"Other","High",0,NA
76,"Other","High",5,NA
77,"Other","High",NA,NA
77,"Other","High",NA,NA
77,"Other","High",NA,NA
77,"Other","High",NA,NA
77,"Other","High",NA,NA
77,"Other","High",NA,NA
77,"Other","High",NA,NA
77,"Other","High",NA,NA
77,"Other","High",NA,NA
77,"Other","High",NA,NA
78,"Other","High",0,NA
78,"Other","High",0,NA
78,"Other","High",0,NA
78,"Other","High",0,NA
78,"Other","High",0,NA
78,"Other","High",0,NA
78,"Other","High",0,NA
78,"Other","High",9,NA
78,"Other","High",0,NA
78,"Other","High",0,NA
79,"Other","High",38,NA
79,"Other","High",31,NA
79,"Other","High",17,NA
79,"Other","High",0,NA
79,"Other","High",22,NA
79,"Other","High",21,NA
79,"Other","High",14,NA
79,"Other","High",25,NA
79,"Other","High",22,NA
79,"Other","High",0,NA
80,"Other","High",78,NA
80,"Other","High",78,NA
80,"Other","High",76,NA
80,"Other","High",80,NA
80,"Other","High",76,NA
80,"Other","High",80,NA
80,"Other","High",81,NA
80,"Other","High",74,NA
80,"Other","High",82,NA
80,"Other","High",79,NA
81,"Other","High",33,NA
81,"Other","High",29,NA
81,"Other","High",35,NA
81,"Other","High",28,NA
81,"Other","High",34,NA
81,"Other","High",26,NA
81,"Other","High",25,NA
81,"Other","High",26,NA
81,"Other","High",20,NA
81,"Other","High",24,NA
82,"Other","High",58,NA
82,"Other","High",59,NA
82,"Other","High",57,NA
82,"Other","High",58,NA
82,"Other","High",68,NA
82,"Other","High",61,NA
82,"Other","High",59,NA
82,"Other","High",62,NA
82,"Other","High",82,NA
82,"Other","High",77,NA
83,"Other","High",43,NA
83,"Other","High",41,NA
83,"Other","High",27,NA
83,"Other","High",42,NA
83,"Other","High",44,NA
83,"Other","High",NA,NA
83,"Other","High",NA,NA
83,"Other","High",NA,NA
83,"Other","High",NA,NA
83,"Other","High",NA,NA
84,"Other","High",8,NA
84,"Other","High",8,NA
84,"Other","High",6,NA
84,"Other","High",0,NA
84,"Other","High",0,NA
84,"Other","High",0,NA
84,"Other","High",0,NA
84,"Other","High",0,NA
84,"Other","High",9,NA
84,"Other","High",9,NA
85,"Other","High",50,NA
85,"Other","High",46,NA
85,"Other","High",55,NA
85,"Other","High",57,NA
85,"Other","High",76,NA
85,"Other","High",69,NA
85,"Other","High",69,NA
85,"Other","High",50,NA
85,"Other","High",64,NA
85,"Other","High",67,NA
86,"Other","High",44,NA
86,"Other","High",34,NA
86,"Other","High",17,NA
86,"Other","High",33,NA
86,"Other","High",37,NA
86,"Other","High",25,NA
86,"Other","High",19,NA
86,"Other","High",30,NA
86,"Other","High",16,NA
86,"Other","High",29,NA
48,"Self","Low",NA,NA
48,"Self","Low",NA,NA
48,"Self","Low",NA,NA
48,"Self","Low",NA,NA
48,"Self","Low",NA,NA
48,"Self","Low",NA,NA
48,"Self","Low",NA,NA
48,"Self","Low",NA,NA
48,"Self","Low",NA,NA
48,"Self","Low",NA,NA
49,"Self","Low",8,9
49,"Self","Low",5,6
49,"Self","Low",3,6
49,"Self","Low",4,10
49,"Self","Low",5,9
49,"Self","Low",9,11
49,"Self","Low",4,9
49,"Self","Low",5,7
49,"Self","Low",4,7
49,"Self","Low",0,3
50,"Self","Low",12,0
50,"Self","Low",9,11
50,"Self","Low",0,3
50,"Self","Low",8,8
50,"Self","Low",0,0
50,"Self","Low",0,0
50,"Self","Low",0,0
50,"Self","Low",8,8
50,"Self","Low",0,0
50,"Self","Low",0,0
51,"Self","Low",0,0
51,"Self","Low",0,0
51,"Self","Low",0,4
51,"Self","Low",0,4
51,"Self","Low",0,7
51,"Self","Low",0,3
51,"Self","Low",0,4
51,"Self","Low",3,7
51,"Self","Low",0,4
51,"Self","Low",0,3
52,"Self","Low",2,4
52,"Self","Low",3,5
52,"Self","Low",53,5
52,"Self","Low",48,5
52,"Self","Low",14,3
52,"Self","Low",31,4
52,"Self","Low",15,0
52,"Self","Low",13,9
52,"Self","Low",27,10
52,"Self","Low",10,0
53,"Self","Low",15,13
53,"Self","Low",4,12
53,"Self","Low",10,9
53,"Self","Low",9,14
53,"Self","Low",5,5
53,"Self","Low",0,0
53,"Self","Low",5,9
53,"Self","Low",4,5
53,"Self","Low",3,2
53,"Self","Low",0,2
54,"Self","Low",9,25
54,"Self","Low",13,20
54,"Self","Low",28,34
54,"Self","Low",28,33
54,"Self","Low",22,35
54,"Self","Low",0,4
54,"Self","Low",0,2
54,"Self","Low",0,3
54,"Self","Low",5,14
54,"Self","Low",0,5
55,"Self","Low",28,0
55,"Self","Low",25,0
55,"Self","Low",21,0
55,"Self","Low",11,0
55,"Self","Low",35,0
55,"Self","Low",15,0
55,"Self","Low",20,0
55,"Self","Low",21,0
55,"Self","Low",23,0
55,"Self","Low",31,0
56,"Self","Low",0,0
56,"Self","Low",0,8
56,"Self","Low",0,5
56,"Self","Low",0,5
56,"Self","Low",0,3
56,"Self","Low",0,4
56,"Self","Low",0,5
56,"Self","Low",2,9
56,"Self","Low",3,4
56,"Self","Low",2,4
57,"Self","Low",9,9
57,"Self","Low",7,7
57,"Self","Low",5,11
57,"Self","Low",7,8
57,"Self","Low",9,9
57,"Self","Low",6,9
57,"Self","Low",6,7
57,"Self","Low",6,7
57,"Self","Low",4,9
57,"Self","Low",7,7
58,"Self","Low",0,14
58,"Self","Low",2,7
58,"Self","Low",0,10
58,"Self","Low",0,11
58,"Self","Low",4,15
58,"Self","Low",0,9
58,"Self","Low",0,6
58,"Self","Low",0,14
58,"Self","Low",0,16
58,"Self","Low",0,16
59,"Self","Low",3,16
59,"Self","Low",7,5
59,"Self","Low",17,21
59,"Self","Low",14,10
59,"Self","Low",10,8
59,"Self","Low",3,7
59,"Self","Low",4,10
59,"Self","Low",0,10
59,"Self","Low",3,8
59,"Self","Low",2,4
60,"Self","Low",18,0
60,"Self","Low",22,0
60,"Self","Low",18,0
60,"Self","Low",22,8
60,"Self","Low",24,8
60,"Self","Low",27,6
60,"Self","Low",28,12
60,"Self","Low",0,7
60,"Self","Low",43,8
60,"Self","Low",43,17
61,"Self","Low",7,7
61,"Self","Low",16,6
61,"Self","Low",10,0
61,"Self","Low",19,0
61,"Self","Low",17,0
61,"Self","Low",19,6
61,"Self","Low",15,0
61,"Self","Low",47,5
61,"Self","Low",33,7
61,"Self","Low",17,12
62,"Self","Low",0,13
62,"Self","Low",0,8
62,"Self","Low",0,4
62,"Self","Low",2,3
62,"Self","Low",0,4
62,"Self","Low",0,4
62,"Self","Low",0,0
62,"Self","Low",4,5
62,"Self","Low",10,6
62,"Self","Low",12,4
63,"Self","Low",22,18
63,"Self","Low",0,4
63,"Self","Low",40,10
63,"Self","Low",7,2
63,"Self","Low",14,0
63,"Self","Low",0,3
63,"Self","Low",0,0
63,"Self","Low",15,0
63,"Self","Low",0,0
63,"Self","Low",67,0
64,"Self","Low",NA,NA
64,"Self","Low",NA,NA
64,"Self","Low",NA,NA
64,"Self","Low",NA,NA
64,"Self","Low",NA,NA
64,"Self","Low",NA,NA
64,"Self","Low",NA,NA
64,"Self","Low",NA,NA
64,"Self","Low",NA,NA
64,"Self","Low",NA,NA
65,"Self","Low",12,13
65,"Self","Low",21,12
65,"Self","Low",30,14
65,"Self","Low",32,16
65,"Self","Low",32,22
65,"Self","Low",16,16
65,"Self","Low",35,17
65,"Self","Low",31,15
65,"Self","Low",31,23
65,"Self","Low",15,13
66,"Self","Low",21,9
66,"Self","Low",0,0
66,"Self","Low",9,9
66,"Self","Low",8,5
66,"Self","Low",14,8
66,"Self","Low",0,0
66,"Self","Low",7,4
66,"Self","Low",0,0
66,"Self","Low",9,0
66,"Self","Low",0,0
67,"Self","Low",0,0
67,"Self","Low",0,0
67,"Self","Low",0,0
67,"Self","Low",0,0
67,"Self","Low",0,0
67,"Self","Low",0,0
67,"Self","Low",8,0
67,"Self","Low",0,8
67,"Self","Low",0,7
67,"Self","Low",0,11
68,"Self","Low",0,7
68,"Self","Low",21,10
68,"Self","Low",0,5
68,"Self","Low",7,20
68,"Self","Low",9,16
68,"Self","Low",25,27
68,"Self","Low",15,15
68,"Self","Low",13,28
68,"Self","Low",9,17
68,"Self","Low",33,25
69,"Self","Low",7,8
69,"Self","Low",7,16
69,"Self","Low",11,19
69,"Self","Low",6,13
69,"Self","Low",10,18
69,"Self","Low",6,14
69,"Self","Low",9,21
69,"Self","Low",7,13
69,"Self","Low",12,17
69,"Self","Low",12,19
70,"Self","Low",3,13
70,"Self","Low",5,10
70,"Self","Low",7,10
70,"Self","Low",9,11
70,"Self","Low",7,7
70,"Self","Low",18,13
70,"Self","Low",7,10
70,"Self","Low",19,17
70,"Self","Low",21,10
70,"Self","Low",17,8
71,"Self","Low",0,10
71,"Self","Low",14,19
71,"Self","Low",0,6
71,"Self","Low",0,5
71,"Self","Low",0,3
71,"Self","Low",0,4
71,"Self","Low",0,8
71,"Self","Low",0,3
71,"Self","Low",0,4
71,"Self","Low",0,8
72,"Self","Low",0,0
72,"Self","Low",0,0
72,"Self","Low",0,2
72,"Self","Low",0,0
72,"Self","Low",0,0
72,"Self","Low",0,0
72,"Self","Low",0,5
72,"Self","Low",0,0
72,"Self","Low",0,0
72,"Self","Low",0,0
73,"Self","Low",0,0
73,"Self","Low",0,0
73,"Self","Low",0,0
73,"Self","Low",0,0
73,"Self","Low",0,0
73,"Self","Low",0,0
73,"Self","Low",0,0
73,"Self","Low",0,0
73,"Self","Low",0,0
73,"Self","Low",0,0
74,"Self","Low",49,7
74,"Self","Low",8,7
74,"Self","Low",4,3
74,"Self","Low",19,3
74,"Self","Low",1,4
74,"Self","Low",5,3
74,"Self","Low",0,0
74,"Self","Low",3,2
74,"Self","Low",9,4
74,"Self","Low",3,4
75,"Self","Low",NA,NA
75,"Self","Low",NA,NA
75,"Self","Low",NA,NA
75,"Self","Low",NA,NA
75,"Self","Low",NA,NA
75,"Self","Low",NA,NA
75,"Self","Low",NA,NA
75,"Self","Low",NA,NA
75,"Self","Low",NA,NA
75,"Self","Low",NA,NA
76,"Self","Low",5,0
76,"Self","Low",5,5
76,"Self","Low",2,6
76,"Self","Low",6,13
76,"Self","Low",6,9
76,"Self","Low",7,8
76,"Self","Low",0,6
76,"Self","Low",6,5
76,"Self","Low",8,10
76,"Self","Low",7,9
77,"Self","Low",NA,NA
77,"Self","Low",NA,NA
77,"Self","Low",NA,NA
77,"Self","Low",NA,NA
77,"Self","Low",NA,NA
77,"Self","Low",NA,NA
77,"Self","Low",NA,NA
77,"Self","Low",NA,NA
77,"Self","Low",NA,NA
77,"Self","Low",NA,NA
78,"Self","Low",2,3
78,"Self","Low",56,3
78,"Self","Low",11,4
78,"Self","Low",16,0
78,"Self","Low",0,0
78,"Self","Low",7,3
78,"Self","Low",5,0
78,"Self","Low",0,0
78,"Self","Low",0,0
78,"Self","Low",0,0
79,"Self","Low",0,10
79,"Self","Low",0,17
79,"Self","Low",0,10
79,"Self","Low",0,9
79,"Self","Low",0,9
79,"Self","Low",0,6
79,"Self","Low",0,9
79,"Self","Low",0,6
79,"Self","Low",0,7
79,"Self","Low",11,0
80,"Self","Low",0,0
80,"Self","Low",0,0
80,"Self","Low",0,0
80,"Self","Low",0,0
80,"Self","Low",0,0
80,"Self","Low",0,0
80,"Self","Low",0,0
80,"Self","Low",0,0
80,"Self","Low",0,0
80,"Self","Low",0,0
81,"Self","Low",0,6
81,"Self","Low",0,3
81,"Self","Low",0,5
81,"Self","Low",8,5
81,"Self","Low",0,5
81,"Self","Low",0,3
81,"Self","Low",0,4
81,"Self","Low",4,4
81,"Self","Low",0,5
81,"Self","Low",6,4
82,"Self","Low",23,22
82,"Self","Low",20,17
82,"Self","Low",39,23
82,"Self","Low",24,22
82,"Self","Low",54,20
82,"Self","Low",25,15
82,"Self","Low",25,16
82,"Self","Low",31,23
82,"Self","Low",43,18
82,"Self","Low",6,22
83,"Self","Low",20,16
83,"Self","Low",7,11
83,"Self","Low",10,15
83,"Self","Low",12,14
83,"Self","Low",9,7
83,"Self","Low",NA,NA
83,"Self","Low",NA,NA
83,"Self","Low",NA,NA
83,"Self","Low",NA,NA
83,"Self","Low",NA,NA
84,"Self","Low",0,0
84,"Self","Low",0,0
84,"Self","Low",0,0
84,"Self","Low",0,0
84,"Self","Low",0,0
84,"Self","Low",0,0
84,"Self","Low",0,0
84,"Self","Low",0,0
84,"Self","Low",0,0
84,"Self","Low",0,0
85,"Self","Low",11,8
85,"Self","Low",13,6
85,"Self","Low",5,4
85,"Self","Low",5,12
85,"Self","Low",10,7
85,"Self","Low",12,9
85,"Self","Low",5,7
85,"Self","Low",8,4
85,"Self","Low",8,7
85,"Self","Low",11,8
86,"Self","Low",0,28
86,"Self","Low",0,32
86,"Self","Low",10,23
86,"Self","Low",0,27
86,"Self","Low",0,15
86,"Self","Low",0,7
86,"Self","Low",0,8
86,"Self","Low",0,10
86,"Self","Low",0,13
86,"Self","Low",0,15
48,"Other","Low",NA,NA
48,"Other","Low",NA,NA
48,"Other","Low",NA,NA
48,"Other","Low",NA,NA
48,"Other","Low",NA,NA
48,"Other","Low",NA,NA
48,"Other","Low",NA,NA
48,"Other","Low",NA,NA
48,"Other","Low",NA,NA
48,"Other","Low",NA,NA
49,"Other","Low",16,NA
49,"Other","Low",4,NA
49,"Other","Low",3,NA
49,"Other","Low",5,NA
49,"Other","Low",8,NA
49,"Other","Low",9,NA
49,"Other","Low",3,NA
49,"Other","Low",5,NA
49,"Other","Low",5,NA
49,"Other","Low",11,NA
50,"Other","Low",7,NA
50,"Other","Low",10,NA
50,"Other","Low",0,NA
50,"Other","Low",0,NA
50,"Other","Low",0,NA
50,"Other","Low",0,NA
50,"Other","Low",0,NA
50,"Other","Low",0,NA
50,"Other","Low",0,NA
50,"Other","Low",0,NA
51,"Other","Low",0,NA
51,"Other","Low",0,NA
51,"Other","Low",0,NA
51,"Other","Low",0,NA
51,"Other","Low",0,NA
51,"Other","Low",0,NA
51,"Other","Low",0,NA
51,"Other","Low",0,NA
51,"Other","Low",0,NA
51,"Other","Low",0,NA
52,"Other","Low",0,NA
52,"Other","Low",0,NA
52,"Other","Low",0,NA
52,"Other","Low",0,NA
52,"Other","Low",0,NA
52,"Other","Low",0,NA
52,"Other","Low",0,NA
52,"Other","Low",0,NA
52,"Other","Low",0,NA
52,"Other","Low",0,NA
53,"Other","Low",12,NA
53,"Other","Low",11,NA
53,"Other","Low",0,NA
53,"Other","Low",0,NA
53,"Other","Low",0,NA
53,"Other","Low",0,NA
53,"Other","Low",0,NA
53,"Other","Low",4,NA
53,"Other","Low",8,NA
53,"Other","Low",0,NA
54,"Other","Low",11,NA
54,"Other","Low",15,NA
54,"Other","Low",3,NA
54,"Other","Low",0,NA
54,"Other","Low",0,NA
54,"Other","Low",0,NA
54,"Other","Low",0,NA
54,"Other","Low",0,NA
54,"Other","Low",0,NA
54,"Other","Low",0,NA
55,"Other","Low",11,NA
55,"Other","Low",8,NA
55,"Other","Low",0,NA
55,"Other","Low",14,NA
55,"Other","Low",13,NA
55,"Other","Low",0,NA
55,"Other","Low",11,NA
55,"Other","Low",0,NA
55,"Other","Low",10,NA
55,"Other","Low",24,NA
56,"Other","Low",0,NA
56,"Other","Low",0,NA
56,"Other","Low",0,NA
56,"Other","Low",0,NA
56,"Other","Low",0,NA
56,"Other","Low",0,NA
56,"Other","Low",0,NA
56,"Other","Low",0,NA
56,"Other","Low",0,NA
56,"Other","Low",0,NA
57,"Other","Low",0,NA
57,"Other","Low",0,NA
57,"Other","Low",0,NA
57,"Other","Low",0,NA
57,"Other","Low",0,NA
57,"Other","Low",0,NA
57,"Other","Low",0,NA
57,"Other","Low",0,NA
57,"Other","Low",0,NA
57,"Other","Low",0,NA
58,"Other","Low",0,NA
58,"Other","Low",13,NA
58,"Other","Low",4,NA
58,"Other","Low",0,NA
58,"Other","Low",0,NA
58,"Other","Low",0,NA
58,"Other","Low",0,NA
58,"Other","Low",0,NA
58,"Other","Low",0,NA
58,"Other","Low",0,NA
59,"Other","Low",0,NA
59,"Other","Low",2,NA
59,"Other","Low",0,NA
59,"Other","Low",0,NA
59,"Other","Low",0,NA
59,"Other","Low",0,NA
59,"Other","Low",0,NA
59,"Other","Low",0,NA
59,"Other","Low",0,NA
59,"Other","Low",9,NA
60,"Other","Low",0,NA
60,"Other","Low",0,NA
60,"Other","Low",11,NA
60,"Other","Low",16,NA
60,"Other","Low",10,NA
60,"Other","Low",20,NA
60,"Other","Low",23,NA
60,"Other","Low",17,NA
60,"Other","Low",29,NA
60,"Other","Low",41,NA
61,"Other","Low",0,NA
61,"Other","Low",0,NA
61,"Other","Low",0,NA
61,"Other","Low",0,NA
61,"Other","Low",0,NA
61,"Other","Low",0,NA
61,"Other","Low",0,NA
61,"Other","Low",17,NA
61,"Other","Low",12,NA
61,"Other","Low",20,NA
62,"Other","Low",0,NA
62,"Other","Low",0,NA
62,"Other","Low",0,NA
62,"Other","Low",0,NA
62,"Other","Low",0,NA
62,"Other","Low",0,NA
62,"Other","Low",0,NA
62,"Other","Low",0,NA
62,"Other","Low",5,NA
62,"Other","Low",8,NA
63,"Other","Low",0,NA
63,"Other","Low",0,NA
63,"Other","Low",0,NA
63,"Other","Low",0,NA
63,"Other","Low",0,NA
63,"Other","Low",0,NA
63,"Other","Low",0,NA
63,"Other","Low",0,NA
63,"Other","Low",0,NA
63,"Other","Low",0,NA
64,"Other","Low",NA,NA
64,"Other","Low",NA,NA
64,"Other","Low",NA,NA
64,"Other","Low",NA,NA
64,"Other","Low",NA,NA
64,"Other","Low",NA,NA
64,"Other","Low",NA,NA
64,"Other","Low",NA,NA
64,"Other","Low",NA,NA
64,"Other","Low",NA,NA
65,"Other","Low",8,NA
65,"Other","Low",21,NA
65,"Other","Low",19,NA
65,"Other","Low",24,NA
65,"Other","Low",21,NA
65,"Other","Low",32,NA
65,"Other","Low",25,NA
65,"Other","Low",15,NA
65,"Other","Low",11,NA
65,"Other","Low",9,NA
66,"Other","Low",0,NA
66,"Other","Low",0,NA
66,"Other","Low",0,NA
66,"Other","Low",0,NA
66,"Other","Low",0,NA
66,"Other","Low",0,NA
66,"Other","Low",0,NA
66,"Other","Low",0,NA
66,"Other","Low",0,NA
66,"Other","Low",0,NA
67,"Other","Low",0,NA
67,"Other","Low",0,NA
67,"Other","Low",0,NA
67,"Other","Low",0,NA
67,"Other","Low",0,NA
67,"Other","Low",0,NA
67,"Other","Low",0,NA
67,"Other","Low",0,NA
67,"Other","Low",19,NA
67,"Other","Low",16,NA
68,"Other","Low",0,NA
68,"Other","Low",0,NA
68,"Other","Low",0,NA
68,"Other","Low",0,NA
68,"Other","Low",0,NA
68,"Other","Low",11,NA
68,"Other","Low",9,NA
68,"Other","Low",4,NA
68,"Other","Low",27,NA
68,"Other","Low",0,NA
69,"Other","Low",10,NA
69,"Other","Low",8,NA
69,"Other","Low",10,NA
69,"Other","Low",7,NA
69,"Other","Low",10,NA
69,"Other","Low",10,NA
69,"Other","Low",9,NA
69,"Other","Low",8,NA
69,"Other","Low",5,NA
69,"Other","Low",17,NA
70,"Other","Low",4,NA
70,"Other","Low",0,NA
70,"Other","Low",0,NA
70,"Other","Low",0,NA
70,"Other","Low",11,NA
70,"Other","Low",8,NA
70,"Other","Low",18,NA
70,"Other","Low",6,NA
70,"Other","Low",19,NA
70,"Other","Low",9,NA
71,"Other","Low",0,NA
71,"Other","Low",0,NA
71,"Other","Low",0,NA
71,"Other","Low",0,NA
71,"Other","Low",0,NA
71,"Other","Low",0,NA
71,"Other","Low",0,NA
71,"Other","Low",0,NA
71,"Other","Low",0,NA
71,"Other","Low",0,NA
72,"Other","Low",0,NA
72,"Other","Low",5,NA
72,"Other","Low",0,NA
72,"Other","Low",0,NA
72,"Other","Low",0,NA
72,"Other","Low",0,NA
72,"Other","Low",0,NA
72,"Other","Low",0,NA
72,"Other","Low",0,NA
72,"Other","Low",0,NA
73,"Other","Low",0,NA
73,"Other","Low",0,NA
73,"Other","Low",0,NA
73,"Other","Low",0,NA
73,"Other","Low",0,NA
73,"Other","Low",0,NA
73,"Other","Low",0,NA
73,"Other","Low",0,NA
73,"Other","Low",0,NA
73,"Other","Low",0,NA
74,"Other","Low",0,NA
74,"Other","Low",46,NA
74,"Other","Low",0,NA
74,"Other","Low",19,NA
74,"Other","Low",0,NA
74,"Other","Low",0,NA
74,"Other","Low",0,NA
74,"Other","Low",5,NA
74,"Other","Low",3,NA
74,"Other","Low",2,NA
75,"Other","Low",NA,NA
75,"Other","Low",NA,NA
75,"Other","Low",NA,NA
75,"Other","Low",NA,NA
75,"Other","Low",NA,NA
75,"Other","Low",NA,NA
75,"Other","Low",NA,NA
75,"Other","Low",NA,NA
75,"Other","Low",NA,NA
75,"Other","Low",NA,NA
76,"Other","Low",0,NA
76,"Other","Low",0,NA
76,"Other","Low",0,NA
76,"Other","Low",0,NA
76,"Other","Low",8,NA
76,"Other","Low",0,NA
76,"Other","Low",0,NA
76,"Other","Low",0,NA
76,"Other","Low",8,NA
76,"Other","Low",0,NA
77,"Other","Low",NA,NA
77,"Other","Low",NA,NA
77,"Other","Low",NA,NA
77,"Other","Low",NA,NA
77,"Other","Low",NA,NA
77,"Other","Low",NA,NA
77,"Other","Low",NA,NA
77,"Other","Low",NA,NA
77,"Other","Low",NA,NA
77,"Other","Low",NA,NA
78,"Other","Low",34,NA
78,"Other","Low",41,NA
78,"Other","Low",0,NA
78,"Other","Low",0,NA
78,"Other","Low",0,NA
78,"Other","Low",7,NA
78,"Other","Low",0,NA
78,"Other","Low",0,NA
78,"Other","Low",0,NA
78,"Other","Low",0,NA
79,"Other","Low",0,NA
79,"Other","Low",0,NA
79,"Other","Low",0,NA
79,"Other","Low",0,NA
79,"Other","Low",0,NA
79,"Other","Low",0,NA
79,"Other","Low",0,NA
79,"Other","Low",0,NA
79,"Other","Low",0,NA
79,"Other","Low",0,NA
80,"Other","Low",0,NA
80,"Other","Low",0,NA
80,"Other","Low",0,NA
80,"Other","Low",0,NA
80,"Other","Low",0,NA
80,"Other","Low",0,NA
80,"Other","Low",0,NA
80,"Other","Low",0,NA
80,"Other","Low",0,NA
80,"Other","Low",0,NA
81,"Other","Low",0,NA
81,"Other","Low",0,NA
81,"Other","Low",0,NA
81,"Other","Low",0,NA
81,"Other","Low",0,NA
81,"Other","Low",0,NA
81,"Other","Low",0,NA
81,"Other","Low",0,NA
81,"Other","Low",0,NA
81,"Other","Low",0,NA
82,"Other","Low",27,NA
82,"Other","Low",38,NA
82,"Other","Low",34,NA
82,"Other","Low",31,NA
82,"Other","Low",29,NA
82,"Other","Low",23,NA
82,"Other","Low",17,NA
82,"Other","Low",21,NA
82,"Other","Low",55,NA
82,"Other","Low",21,NA
83,"Other","Low",14,NA
83,"Other","Low",4,NA
83,"Other","Low",4,NA
83,"Other","Low",5,NA
83,"Other","Low",13,NA
83,"Other","Low",NA,NA
83,"Other","Low",NA,NA
83,"Other","Low",NA,NA
83,"Other","Low",NA,NA
83,"Other","Low",NA,NA
84,"Other","Low",0,NA
84,"Other","Low",0,NA
84,"Other","Low",0,NA
84,"Other","Low",0,NA
84,"Other","Low",0,NA
84,"Other","Low",0,NA
84,"Other","Low",0,NA
84,"Other","Low",0,NA
84,"Other","Low",0,NA
84,"Other","Low",0,NA
85,"Other","Low",0,NA
85,"Other","Low",0,NA
85,"Other","Low",0,NA
85,"Other","Low",0,NA
85,"Other","Low",0,NA
85,"Other","Low",0,NA
85,"Other","Low",0,NA
85,"Other","Low",0,NA
85,"Other","Low",0,NA
85,"Other","Low",0,NA
86,"Other","Low",0,NA
86,"Other","Low",0,NA
86,"Other","Low",0,NA
86,"Other","Low",0,NA
86,"Other","Low",0,NA
86,"Other","Low",0,NA
86,"Other","Low",0,NA
86,"Other","Low",0,NA
86,"Other","Low",0,NA
86,"Other","Low",0,NA
